{
    "sampleName": "HC2_H_7D",
    "samplePath": "HC2_HS4/rgbaOutput_7_17_23_C1_HC2_HS4_7D_0",
    "panicle": {
        "noTopSeeds": 11,
        "height": 186.05860020450564,
        "volume": 7539.581652085068,
        "maxSpreadVal": 24.311782783650667,
        "colAvgR": 0.5649961248594155,
        "colAvgG": 0.6183097295963751,
        "colAvgB": 0.3287710703450067,
        "maxSpreadPos": [
            38.46117909862936,
            15.509634095758813,
            117.63185308799868
        ]
    },
    "segment": {
        "segmentInd_0": {
            "endHeight": 62.01953340150188,
            "volumeSeg": 1131.4067111783943,
            "maxSpreadSegVal": 16.16690065887346,
            "noTopSeedSeg": 0,
            "colAvgR": 0.49672764234439465,
            "colAvgG": 0.5556066751147843,
            "colAvgB": 0.27646891644736227,
            "maxSpreadSegPos": [
                21.59140746098155,
                11.150276806591275,
                61.97443738937155
            ]
        },
        "segmentInd_1": {
            "endHeight": 124.03906680300376,
            "volumeSeg": 3928.3150995066803,
            "maxSpreadSegVal": 24.311782783650667,
            "noTopSeedSeg": 4,
            "colAvgR": 0.5598022523788796,
            "colAvgG": 0.6158704631743768,
            "colAvgB": 0.31641314242943513,
            "maxSpreadSegPos": [
                38.46117909862936,
                15.509634095758813,
                117.63185308799868
            ]
        },
        "segmentInd_2": {
            "endHeight": 186.05860020450564,
            "volumeSeg": 2479.795531349905,
            "maxSpreadSegVal": 22.51354349449273,
            "noTopSeedSeg": 7,
            "colAvgR": 0.6043620331949698,
            "colAvgG": 0.6507740419818555,
            "colAvgB": 0.37219754291757645,
            "maxSpreadSegPos": [
                36.947015595829534,
                36.697960191937135,
                170.91587013626784
            ]
        }
    },
    "branch": {
        "branchInd_0": {
            "branchHeight": 73.3811097038443,
            "branchSpread": 16.20807540260406
        },
        "branchInd_1": {
            "branchHeight": 92.89589218955815,
            "branchSpread": 23.982903697853928
        },
        "branchInd_2": {
            "branchHeight": 97.93915324777798,
            "branchSpread": 19.52511579488862
        },
        "branchInd_3": {
            "branchHeight": 120.00973739181092,
            "branchSpread": 24.311782783650667
        },
        "branchInd_4": {
            "branchHeight": 131.00699158022297,
            "branchSpread": 16.907769728567217
        },
        "branchInd_5": {
            "branchHeight": 139.6208923446137,
            "branchSpread": 19.654506158494023
        },
        "branchInd_6": {
            "branchHeight": 151.0639108304099,
            "branchSpread": 17.032974583091985
        },
        "branchInd_7": {
            "branchHeight": 158.2772403994529,
            "branchSpread": 13.618734903288733
        },
        "branchInd_8": {
            "branchHeight": 167.12416958642888,
            "branchSpread": 21.20272272815593
        },
        "branchInd_9": {
            "branchHeight": 173.3104975253649,
            "branchSpread": 22.51354349449273
        },
        "branchInd_10": {
            "branchHeight": 186.05860020450564,
            "branchSpread": 18.492859819082412
        }
    },
    "topSeeds": {
        "TopSeedInd_0": {
            "topSeedRealInd": 0.0,
            "topSeedFileInd": 9.0,
            "topSeedSpread": 16.20807540260406,
            "colAvgR": 139.3987975951904,
            "colAvgG": 154.68837675350701,
            "colAvgB": 78.65831663326654,
            "topSeedPos": [
                30.169195586447962,
                19.15344007943608,
                73.3811097038443
            ]
        },
        "TopSeedInd_1": {
            "topSeedRealInd": 1.0,
            "topSeedFileInd": 8.0,
            "topSeedSpread": 23.982903697853928,
            "colAvgR": 160.0248853962017,
            "colAvgG": 172.81859855926655,
            "colAvgB": 95.36869679109365,
            "topSeedPos": [
                24.952426961783296,
                5.1140252733501255,
                92.89589218955815
            ]
        },
        "TopSeedInd_2": {
            "topSeedRealInd": 2.0,
            "topSeedFileInd": 5.0,
            "topSeedSpread": 19.52511579488862,
            "colAvgR": 155.77501939487976,
            "colAvgG": 168.12955779674166,
            "colAvgB": 94.22730799069046,
            "topSeedPos": [
                16.832412378873933,
                9.116063302606893,
                97.93915324777798
            ]
        },
        "TopSeedInd_3": {
            "topSeedRealInd": 3.0,
            "topSeedFileInd": 7.0,
            "topSeedSpread": 24.311782783650667,
            "colAvgR": 170.36853002070393,
            "colAvgG": 182.648033126294,
            "colAvgB": 107.16666666666667,
            "topSeedPos": [
                37.209281168488054,
                15.106931767447351,
                120.00973739181092
            ]
        },
        "TopSeedInd_4": {
            "topSeedRealInd": 4.0,
            "topSeedFileInd": 6.0,
            "topSeedSpread": 16.907769728567217,
            "colAvgR": 177.9678747940692,
            "colAvgG": 186.48682042833607,
            "colAvgB": 115.30230642504118,
            "topSeedPos": [
                26.56039211735615,
                14.296083456816678,
                131.00699158022297
            ]
        },
        "TopSeedInd_5": {
            "topSeedRealInd": 5.0,
            "topSeedFileInd": 10.0,
            "topSeedSpread": 19.654506158494023,
            "colAvgR": 144.95443645083932,
            "colAvgG": 156.6978417266187,
            "colAvgB": 89.71702637889689,
            "topSeedPos": [
                35.59730965075809,
                25.50681423629428,
                139.6208923446137
            ]
        },
        "TopSeedInd_6": {
            "topSeedRealInd": 6.0,
            "topSeedFileInd": 4.0,
            "topSeedSpread": 17.032974583091985,
            "colAvgR": 174.4660465116279,
            "colAvgG": 184.22511627906977,
            "colAvgB": 113.83441860465116,
            "topSeedPos": [
                26.54215629074133,
                38.317528254980516,
                151.0639108304099
            ]
        },
        "TopSeedInd_7": {
            "topSeedRealInd": 7.0,
            "topSeedFileInd": 2.0,
            "topSeedSpread": 13.618734903288733,
            "colAvgR": 171.16118047673098,
            "colAvgG": 181.53348467650397,
            "colAvgB": 110.49035187287174,
            "topSeedPos": [
                27.192723851985544,
                22.686170681745896,
                158.2772403994529
            ]
        },
        "TopSeedInd_8": {
            "topSeedRealInd": 8.0,
            "topSeedFileInd": 3.0,
            "topSeedSpread": 21.20272272815593,
            "colAvgR": 169.64019607843136,
            "colAvgG": 178.04019607843136,
            "colAvgB": 110.5578431372549,
            "topSeedPos": [
                27.809477460776193,
                43.51210634986568,
                167.12416958642888
            ]
        },
        "TopSeedInd_9": {
            "topSeedRealInd": 9.0,
            "topSeedFileInd": 1.0,
            "topSeedSpread": 22.51354349449273,
            "colAvgR": 166.8653846153846,
            "colAvgG": 177.85576923076923,
            "colAvgB": 105.9701923076923,
            "topSeedPos": [
                36.49623251654533,
                36.29525065962822,
                173.3104975253649
            ]
        },
        "TopSeedInd_10": {
            "topSeedRealInd": 10.0,
            "topSeedFileInd": 0.0,
            "topSeedSpread": 18.492859819082412,
            "colAvgR": 179.25649913344887,