{
    "sampleName": "HC2_H_4D",
    "samplePath": "HC2_HS4/rgbaOutput_7_14_23_C1_HC2_HS4_4D_0",
    "panicle": {
        "noTopSeeds": 10,
        "height": 197.97502250831852,
        "volume": 9209.537210616336,
        "maxSpreadVal": 20.681720645517007,
        "colAvgR": 0.5244668483113759,
        "colAvgG": 0.6049813604996838,
        "colAvgB": 0.27045844550661063,
        "maxSpreadPos": [
            34.05499693598784,
            20.871543153730578,
            141.70886006345418
        ]
    },
    "segment": {
        "segmentInd_0": {
            "endHeight": 65.9916741694395,
            "volumeSeg": 1460.2998164644664,
            "maxSpreadSegVal": 10.7618972840367,
            "noTopSeedSeg": 0,
            "colAvgR": 0.4826761250826251,
            "colAvgG": 0.5617060179919441,
            "colAvgB": 0.2485882331580378,
            "maxSpreadSegPos": [
                22.95387191353549,
                12.281344207941556,
                65.64657070068334
            ]
        },
        "segmentInd_1": {
            "endHeight": 131.983348338879,
            "volumeSeg": 4560.8220042625435,
            "maxSpreadSegVal": 19.80202941603327,
            "noTopSeedSeg": 4,
            "colAvgR": 0.5257092578742972,
            "colAvgG": 0.6084217394381327,
            "colAvgB": 0.265606921887714,
            "maxSpreadSegPos": [
                32.94487619994073,
                13.301370359109619,
                131.6644670243984
            ]
        },
        "segmentInd_2": {
            "endHeight": 197.97502250831852,
            "volumeSeg": 3188.335848529967,
            "maxSpreadSegVal": 20.681720645517007,
            "noTopSeedSeg": 5,
            "colAvgR": 0.5418327394823638,
            "colAvgG": 0.619886180197997,
            "colAvgB": 0.28741476233240415,
            "maxSpreadSegPos": [
                34.05499693598784,
                20.871543153730578,
                141.70886006345418
            ]
        }
    },
    "branch": {
        "branchInd_0": {
            "branchHeight": 75.81029007380886,
            "branchSpread": 9.632444516070393
        },
        "branchInd_1": {
            "branchHeight": 98.02935145603536,
            "branchSpread": 9.222179947955265
        },
        "branchInd_2": {
            "branchHeight": 102.63094798788111,
            "branchSpread": 15.702120783026926
        },
        "branchInd_3": {
            "branchHeight": 126.2683598130981,
            "branchSpread": 5.186504716248907
        },
        "branchInd_4": {
            "branchHeight": 135.98587473349704,
            "branchSpread": 20.115101563379604
        },
        "branchInd_5": {
            "branchHeight": 145.5545204926537,
            "branchSpread": 20.681720645517007
        },
        "branchInd_6": {
            "branchHeight": 167.29484645034046,
            "branchSpread": 10.363419181571752
        },
        "branchInd_7": {
            "branchHeight": 187.4365920597245,
            "branchSpread": 8.383555082630217
        },
        "branchInd_8": {
            "branchHeight": 191.78012203642217,
            "branchSpread": 8.595240332208434
        },
        "branchInd_9": {
            "branchHeight": 197.97502250831855,
            "branchSpread": 14.016501200172808
        }
    },
    "topSeeds": {
        "TopSeedInd_0": {
            "topSeedRealInd": 0.0,
            "topSeedFileInd": 0.0,
            "topSeedSpread": 9.632444516070393,
            "colAvgR": 144.1998078770413,
            "colAvgG": 163.0365033621518,
            "colAvgB": 76.0086455331412,
            "topSeedPos": [
                15.027729843939667,
                11.245567542121853,
                75.81029007380886
            ]
        },
        "TopSeedInd_1": {
            "topSeedRealInd": 1.0,
            "topSeedFileInd": 5.0,
            "topSeedSpread": 9.222179947955265,
            "colAvgR": 129.45079086115993,
            "colAvgG": 150.9103690685413,
            "colAvgB": 65.46045694200352,
            "topSeedPos": [
                20.21974158368859,
                22.0485894203927,
                98.02935145603536
            ]
        },
        "TopSeedInd_2": {
            "topSeedRealInd": 2.0,
            "topSeedFileInd": 1.0,
            "topSeedSpread": 15.702120783026926,
            "colAvgR": 148.48763600395648,
            "colAvgG": 167.62314540059347,
            "colAvgB": 78.80118694362018,
            "topSeedPos": [
                25.72625535539647,
                8.636648777230358,
                102.63094798788111
            ]
        },
        "TopSeedInd_3": {
            "topSeedRealInd": 3.0,
            "topSeedFileInd": 4.0,
            "topSeedSpread": 5.186504716248907,
            "colAvgR": 155.66847090663057,
            "colAvgG": 173.4830852503383,
            "colAvgB": 88.63599458728011,
            "topSeedPos": [
                15.837750860943887,
                17.692510644113952,
                126.2683598130981
            ]
        },
        "TopSeedInd_4": {
            "topSeedRealInd": 4.0,
            "topSeedFileInd": 2.0,
            "topSeedSpread": 20.115101563379604,
            "colAvgR": 148.25084175084174,
            "colAvgG": 168.0,
            "colAvgB": 76.51094276094275,
            "topSeedPos": [
                32.86699999296305,
                14.517625577082198,
                135.98587473349704
            ]
        },
        "TopSeedInd_5": {
            "topSeedRealInd": 5.0,
            "topSeedFileInd": 3.0,
            "topSeedSpread": 20.681720645517007,
            "colAvgR": 143.4148244473342,
            "colAvgG": 160.86215864759427,
            "colAvgB": 83.14694408322497,
            "topSeedPos": [
                32.26505448084622,
                21.235441472394125,
                145.5545204926537
            ]
        },
        "TopSeedInd_6": {
            "topSeedRealInd": 6.0,
            "topSeedFileInd": 9.0,
            "topSeedSpread": 10.363419181571752,
            "colAvgR": 134.2859813084112,
            "colAvgG": 154.6252336448598,
            "colAvgB": 71.06355140186916,
            "topSeedPos": [
                21.979160673892196,
                20.430896124177877,
                167.29484645034046
            ]
        },
        "TopSeedInd_7": {
            "topSeedRealInd": 7.0,
            "topSeedFileInd": 8.0,
            "topSeedSpread": 8.383555082630217,
            "colAvgR": 143.4810024252223,
            "colAvgG": 161.29345189975749,
            "colAvgB": 79.09781729991916,
            "topSeedPos": [
                15.163738781153137,
                23.095303923070556,
                187.4365920597245
            ]
        },
        "TopSeedInd_8": {
            "topSeedRealInd": 8.0,
            "topSeedFileInd": 7.0,
            "topSeedSpread": 8.595240332208434,
            "colAvgR": 153.54625550660793,
            "colAvgG": 170.51629955947138,
            "colAvgB": 86.72070484581498,
            "topSeedPos": [
                15.085662760572248,
                25.60155525101266,
                191.78012203642217
            ]
        },
        "TopSeedInd_9": {
            "topSeedRealInd": 9.0,
            "topSeedFileInd": 6.0,
            "topSeedSpread": 14.016501200172808,
            "colAvgR": 156.75105842506352,
            "colAvgG": 171.46316680779,
            "colAvgB": 89.7121083827265,
            "topSeedPos": [
                21.856317964388023,
                28.507243252928667,
                197.97502250831855
            ]
        }
    },
    "branch10Day": {}
}