{
    "sampleName": "HC5_C_4D",
    "samplePath": "HC5_C5/rgbaOutput_7_16_23_C1_HC5_C5_4D_0",
    "panicle": {
        "noTopSeeds": 8,
        "height": 230.99112819231314,
        "volume": 6922.983599942556,
        "maxSpreadVal": 11.604859397125809,
        "colAvgR": 0.566977530369835,
        "colAvgG": 0.6231824270658487,
        "colAvgB": 0.3169099952652342,
        "maxSpreadPos": [
            14.552541152561954,
            34.65252313399436,
            205.40310045032726
        ]
    },
    "segment": {
        "segmentInd_0": {
            "endHeight": 76.99704273077104,
            "volumeSeg": 1303.7682582416091,
            "maxSpreadSegVal": 7.8428203539649735,
            "noTopSeedSeg": 0,
            "colAvgR": 0.5308769376885145,
            "colAvgG": 0.5893635180444108,
            "colAvgB": 0.27279062318912684,
            "maxSpreadSegPos": [
                32.37025638405737,
                27.364814463683196,
                76.61058755438422
            ]
        },
        "segmentInd_1": {
            "endHeight": 153.99408546154208,
            "volumeSeg": 3120.2543708478956,
            "maxSpreadSegVal": 11.414694771503644,
            "noTopSeedSeg": 2,
            "colAvgR": 0.5531139934570914,
            "colAvgG": 0.6141156048168855,
            "colAvgB": 0.3005194566088463,
            "maxSpreadSegPos": [
                35.28367682130289,
                24.741498570829595,
                112.06243688718679
            ]
        },
        "segmentInd_2": {
            "endHeight": 230.9911281923131,
            "volumeSeg": 2498.837869327393,
            "maxSpreadSegVal": 11.604859397125809,
            "noTopSeedSeg": 6,
            "colAvgR": 0.6031289090837073,
            "colAvgG": 0.6521520909462178,
            "colAvgB": 0.3603824780317965,
            "maxSpreadSegPos": [
                14.552541152561954,
                34.65252313399436,
                205.40310045032726
            ]
        }
    },
    "branch": {
        "branchInd_0": {
            "branchHeight": 125.46154880832992,
            "branchSpread": 11.091387069821277
        },
        "branchInd_1": {
            "branchHeight": 138.535809014546,
            "branchSpread": 4.136519101995098
        },
        "branchInd_2": {
            "branchHeight": 167.718561699001,
            "branchSpread": 10.504955673930931
        },
        "branchInd_3": {
            "branchHeight": 182.51429408522606,
            "branchSpread": 8.352852047434187
        },
        "branchInd_4": {
            "branchHeight": 202.6903727272903,
            "branchSpread": 6.612252993911863
        },
        "branchInd_5": {
            "branchHeight": 207.44195239410539,
            "branchSpread": 11.604859397125809
        },
        "branchInd_6": {
            "branchHeight": 225.21415602318115,
            "branchSpread": 4.361051062586198
        },
        "branchInd_7": {
            "branchHeight": 230.96471659570273,
            "branchSpread": 11.034131402457437
        }
    },
    "topSeeds": {
        "TopSeedInd_0": {
            "topSeedRealInd": 0.0,
            "topSeedFileInd": 0.0,
            "topSeedSpread": 11.091387069821277,
            "colAvgR": 163.43691148775895,
            "colAvgG": 176.57627118644066,
            "colAvgB": 95.88888888888889,
            "topSeedPos": [
                34.87945477457289,
                27.36579668331872,
                125.46154880832992
            ]
        },
        "TopSeedInd_1": {
            "topSeedRealInd": 1.0,
            "topSeedFileInd": 1.0,
            "topSeedSpread": 4.136519101995098,
            "colAvgR": 162.6178861788618,
            "colAvgG": 174.3560975609756,
            "colAvgB": 96.1609756097561,
            "topSeedPos": [
                24.033555572374105,
                30.9833473764634,
                138.535809014546
            ]
        },
        "TopSeedInd_2": {
            "topSeedRealInd": 2.0,
            "topSeedFileInd": 7.0,
            "topSeedSpread": 10.504955673930931,
            "colAvgR": 165.61857379767827,
            "colAvgG": 178.2089552238806,
            "colAvgB": 100.07296849087894,
            "topSeedPos": [
                34.10323539960712,
                29.78735771415451,
                167.718561699001
            ]
        },
        "TopSeedInd_3": {
            "topSeedRealInd": 3.0,
            "topSeedFileInd": 5.0,
            "topSeedSpread": 8.352852047434187,
            "colAvgR": 169.33982035928145,
            "colAvgG": 181.63473053892216,
            "colAvgB": 102.99101796407186,
            "topSeedPos": [
                30.67075374413479,
                32.92386526397381,
                182.51429408522606
            ]
        },
        "TopSeedInd_4": {
            "topSeedRealInd": 4.0,
            "topSeedFileInd": 6.0,
            "topSeedSpread": 6.612252993911863,
            "colAvgR": 163.23054755043228,
            "colAvgG": 173.95389048991353,
            "colAvgB": 98.01152737752162,
            "topSeedPos": [
                22.10021470323329,
                30.146324992296325,
                202.6903727272903
            ]
        },
        "TopSeedInd_5": {
            "topSeedRealInd": 5.0,
            "topSeedFileInd": 4.0,
            "topSeedSpread": 11.604859397125809,
            "colAvgR": 177.7758064516129,
            "colAvgG": 186.6451612903226,
            "colAvgB": 109.80322580645161,
            "topSeedPos": [
                15.984213219478944,
                34.1756412429459,
                207.44195239410539
            ]
        },
        "TopSeedInd_6": {
            "topSeedRealInd": 6.0,
            "topSeedFileInd": 3.0,
            "topSeedSpread": 4.361051062586198,
            "colAvgR": 157.50075872534143,
            "colAvgG": 168.30349013657056,
            "colAvgB": 98.45220030349013,
            "topSeedPos": [
                26.895633252799588,
                31.868037864505993,
                225.21415602318115
            ]
        },
        "TopSeedInd_7": {
            "topSeedRealInd": 7.0,
            "topSeedFileInd": 2.0,
            "topSeedSpread": 11.034131402457437,
            "colAvgR": 161.9453642384106,
            "colAvgG": 171.13907284768212,
            "colAvgB": 102.8907284768212,
            "topSeedPos": [
                21.744503712384088,
                38.39481553131062,
                230.96471659570273
            ]
        }
    },
    "branch10Day": {}
}