{
    "sampleName": "HC5_H_7D",
    "samplePath": "HC5_HS4/rgbaOutput_7_17_23_C1_HC5_HS4_7D_0",
    "panicle": {
        "noTopSeeds": 11,
        "height": 204.3031375892469,
        "volume": 7123.370211262288,
        "maxSpreadVal": 22.410171780686586,
        "colAvgR": 0.5389747544283594,
        "colAvgG": 0.60763630225237,
        "colAvgB": 0.3000623909896747,
        "maxSpreadPos": [
            41.17673527594775,
            17.627539002827607,
            112.33485907703229
        ]
    },
    "segment": {
        "segmentInd_0": {
            "endHeight": 68.10104586308229,
            "volumeSeg": 1084.873585871555,
            "maxSpreadSegVal": 12.215748997605065,
            "noTopSeedSeg": 0,
            "colAvgR": 0.4826539705331398,
            "colAvgG": 0.5549586399519207,
            "colAvgB": 0.26203849775015126,
            "maxSpreadSegPos": [
                30.867439181438396,
                16.030735618800062,
                67.8282927056504
            ]
        },
        "segmentInd_1": {
            "endHeight": 136.20209172616458,
            "volumeSeg": 3582.330283072252,
            "maxSpreadSegVal": 22.410171780686586,
            "noTopSeedSeg": 4,
            "colAvgR": 0.5380037609830284,
            "colAvgG": 0.6129101655251569,
            "colAvgB": 0.28984944624672054,
            "maxSpreadSegPos": [
                41.17673527594775,
                17.627539002827607,
                112.33485907703229
            ]
        },
        "segmentInd_2": {
            "endHeight": 204.3031375892469,
            "volumeSeg": 2456.079231865143,
            "maxSpreadSegVal": 21.091080075057707,
            "noTopSeedSeg": 7,
            "colAvgR": 0.5652597282927951,
            "colAvgG": 0.6232061726978029,
            "colAvgB": 0.3317424519017775,
            "maxSpreadSegPos": [
                36.27034575354339,
                29.469701425092442,
                164.93900831970228
            ]
        }
    },
    "branch": {
        "branchInd_0": {
            "branchHeight": 71.75231635665043,
            "branchSpread": 9.790355002566104
        },
        "branchInd_1": {
            "branchHeight": 97.78108624648709,
            "branchSpread": 7.628767937889802
        },
        "branchInd_2": {
            "branchHeight": 114.09790392846381,
            "branchSpread": 22.410171780686586
        },
        "branchInd_3": {
            "branchHeight": 124.79701896017028,
            "branchSpread": 14.694694104284135
        },
        "branchInd_4": {
            "branchHeight": 139.09733820695016,
            "branchSpread": 11.785882745069166
        },
        "branchInd_5": {
            "branchHeight": 145.89132898467074,
            "branchSpread": 21.08557263670914
        },
        "branchInd_6": {
            "branchHeight": 173.81933208235785,
            "branchSpread": 20.923058470142323
        },
        "branchInd_7": {
            "branchHeight": 185.2762136885504,
            "branchSpread": 17.733906691315187
        },
        "branchInd_8": {
            "branchHeight": 186.53238948277888,
            "branchSpread": 19.820995469798394
        },
        "branchInd_9": {
            "branchHeight": 202.46084325781248,
            "branchSpread": 18.13668767606235
        },
        "branchInd_10": {
            "branchHeight": 204.3031375892469,
            "branchSpread": 18.595672422779156
        }
    },
    "topSeeds": {
        "TopSeedInd_0": {
            "topSeedRealInd": 0.0,
            "topSeedFileInd": 10.0,
            "topSeedSpread": 9.790355002566104,
            "colAvgR": 127.08130081300813,
            "colAvgG": 147.0731707317073,
            "colAvgB": 58.266666666666666,
            "topSeedPos": [
                28.13882492844057,
                19.157559353348955,
                71.75231635665043
            ]
        },
        "TopSeedInd_1": {
            "topSeedRealInd": 1.0,
            "topSeedFileInd": 2.0,
            "topSeedSpread": 7.628767937889802,
            "colAvgR": 158.1688654353562,
            "colAvgG": 174.02242744063324,
            "colAvgB": 91.72163588390501,
            "topSeedPos": [
                21.03536888889172,
                20.2009391571063,
                97.78108624648709
            ]
        },
        "TopSeedInd_2": {
            "topSeedRealInd": 2.0,
            "topSeedFileInd": 0.0,
            "topSeedSpread": 22.410171780686586,
            "colAvgR": 143.58945908460473,
            "colAvgG": 161.51456310679612,
            "colAvgB": 81.29542302357837,
            "topSeedPos": [
                39.816088134716146,
                15.421703331076593,
                114.09790392846381
            ]
        },
        "TopSeedInd_3": {
            "topSeedRealInd": 3.0,
            "topSeedFileInd": 1.0,
            "topSeedSpread": 14.694694104284135,
            "colAvgR": 155.86657101865137,
            "colAvgG": 173.3113342898135,
            "colAvgB": 89.92252510760402,
            "topSeedPos": [
                23.2247445805949,
                31.44566968683519,
                124.79701896017028
            ]
        },
        "TopSeedInd_4": {
            "topSeedRealInd": 4.0,
            "topSeedFileInd": 3.0,
            "topSeedSpread": 11.785882745069166,
            "colAvgR": 165.1703056768559,
            "colAvgG": 179.72052401746726,
            "colAvgB": 102.09170305676857,
            "topSeedPos": [
                26.966504945633957,
                23.552001555462684,
                139.09733820695016
            ]
        },
        "TopSeedInd_5": {
            "topSeedRealInd": 5.0,
            "topSeedFileInd": 9.0,
            "topSeedSpread": 21.08557263670914,
            "colAvgR": 131.81892523364485,
            "colAvgG": 145.91705607476635,
            "colAvgB": 70.4053738317757,
            "topSeedPos": [
                36.601955206354475,
                27.582024961719263,
                145.89132898467074
            ]
        },
        "TopSeedInd_6": {
            "topSeedRealInd": 6.0,
            "topSeedFileInd": 4.0,
            "topSeedSpread": 20.923058470142323,
            "colAvgR": 135.74188790560473,
            "colAvgG": 150.91445427728613,
            "colAvgB": 78.476401179941,
            "topSeedPos": [
                36.11592660549396,
                26.863270503422438,
                173.81933208235785
            ]
        },
        "TopSeedInd_7": {
            "topSeedRealInd": 7.0,
            "topSeedFileInd": 8.0,
            "topSeedSpread": 17.733906691315187,
            "colAvgR": 132.125748502994,
            "colAvgG": 145.60479041916167,
            "colAvgB": 75.28622754491018,
            "topSeedPos": [
                31.92631362562092,
                26.489034245268982,
                185.2762136885504
            ]
        },
        "TopSeedInd_8": {
            "topSeedRealInd": 8.0,
            "topSeedFileInd": 7.0,
            "topSeedSpread": 19.820995469798394,
            "colAvgR": 166.69705469845724,
            "colAvgG": 180.5287517531557,
            "colAvgB": 107.57363253856943,
            "topSeedPos": [
                30.130642157466834,
                33.58947983825551,
                186.53238948277888
            ]
        },
        "TopSeedInd_9": {
            "topSeedRealInd": 9.0,
            "topSeedFileInd": 6.0,
            "topSeedSpread": 18.13668767606235,
            "colAvgR": 166.42926829268293,
            "colAvgG": 177.84268292682927,
            "colAvgB": 103.70975609756097,
            "topSeedPos": [
                26.750130688699997,
                29.252369288569305,
                202.46084325781248
            ]
        },
        "TopSeedInd_10": {
            "topSeedRealInd": 10.0,
            "topSeedFileInd": 5.0,
            "topSeedSpread": 18.595672422779156,
            "colAvgR": 171.2059202059202,