{
    "sampleName": "HO1_H_4D",
    "samplePath": "HO1_HS4/rgbaOutput_7_15_23_C1_HO1_HS4_4D_0",
    "panicle": {
        "noTopSeeds": 9,
        "height": 231.00048189313588,
        "volume": 8434.005321677214,
        "maxSpreadVal": 30.043144627992593,
        "colAvgR": 0.5573229425900692,
        "colAvgG": 0.6217303184616254,
        "colAvgB": 0.32306115985772116,
        "maxSpreadPos": [
            11.881139248168523,
            35.609365156844184,
            225.84979212071264
        ]
    },
    "segment": {
        "segmentInd_0": {
            "endHeight": 77.00016063104529,
            "volumeSeg": 1234.6039478456964,
            "maxSpreadSegVal": 14.891162371538485,
            "noTopSeedSeg": 0,
            "colAvgR": 0.4958779923155742,
            "colAvgG": 0.5660241762067364,
            "colAvgB": 0.27020494940364514,
            "maxSpreadSegPos": [
                34.46852284100286,
                34.43817085634667,
                76.92749029686097
            ]
        },
        "segmentInd_1": {
            "endHeight": 154.00032126209058,
            "volumeSeg": 4026.1027471696148,
            "maxSpreadSegVal": 23.20115573935166,
            "noTopSeedSeg": 3,
            "colAvgR": 0.5547905095422064,
            "colAvgG": 0.6241044588530915,
            "colAvgB": 0.3109116619778599,
            "maxSpreadSegPos": [
                22.374068332318014,
                37.47789154095752,
                153.5688044177646
            ]
        },
        "segmentInd_2": {
            "endHeight": 231.00048189313588,
            "volumeSeg": 3173.1807872090203,
            "maxSpreadSegVal": 30.043144627992593,
            "noTopSeedSeg": 6,
            "colAvgR": 0.5844417356960475,
            "colAvgG": 0.6403963219274322,
            "colAvgB": 0.359035423438485,
            "maxSpreadSegPos": [
                11.881139248168523,
                35.609365156844184,
                225.84979212071264
            ]
        }
    },
    "branch": {
        "branchInd_0": {
            "branchHeight": 96.60175443400405,
            "branchSpread": 17.73421478811759
        },
        "branchInd_1": {
            "branchHeight": 143.60027621497227,
            "branchSpread": 9.219068545299018
        },
        "branchInd_2": {
            "branchHeight": 149.14271287470586,
            "branchSpread": 14.858600207869173
        },
        "branchInd_3": {
            "branchHeight": 168.95119757293642,
            "branchSpread": 12.776909249832407
        },
        "branchInd_4": {
            "branchHeight": 177.69417902591977,
            "branchSpread": 25.595443932018043
        },
        "branchInd_5": {
            "branchHeight": 193.4257452499863,
            "branchSpread": 21.501855232321603
        },
        "branchInd_6": {
            "branchHeight": 214.7273233197602,
            "branchSpread": 28.006416534364806
        },
        "branchInd_7": {
            "branchHeight": 228.38955444683296,
            "branchSpread": 30.043144627992593
        },
        "branchInd_8": {
            "branchHeight": 231.00048189313588,
            "branchSpread": 24.798301601693858
        }
    },
    "topSeeds": {
        "TopSeedInd_0": {
            "topSeedRealInd": 0.0,
            "topSeedFileInd": 4.0,
            "topSeedSpread": 17.73421478811759,
            "colAvgR": 151.73567467652495,
            "colAvgG": 168.3271719038817,
            "colAvgB": 84.6543438077634,
            "topSeedPos": [
                36.33441357950633,
                34.95353212410902,
                96.60175443400405
            ]
        },
        "TopSeedInd_1": {
            "topSeedRealInd": 1.0,
            "topSeedFileInd": 2.0,
            "topSeedSpread": 9.219068545299018,
            "colAvgR": 160.75166666666667,
            "colAvgG": 177.48166666666665,
            "colAvgB": 96.075,
            "topSeedPos": [
                32.971597304198546,
                25.20833926438054,
                143.60027621497227
            ]
        },
        "TopSeedInd_2": {
            "topSeedRealInd": 2.0,
            "topSeedFileInd": 3.0,
            "topSeedSpread": 14.858600207869173,
            "colAvgR": 160.01162790697674,
            "colAvgG": 174.4360465116279,
            "colAvgB": 98.98837209302326,
            "topSeedPos": [
                38.20154350981122,
                32.07902498929845,
                149.14271287470586
            ]
        },
        "TopSeedInd_3": {
            "topSeedRealInd": 3.0,
            "topSeedFileInd": 0.0,
            "topSeedSpread": 12.776909249832407,
            "colAvgR": 174.22882882882882,
            "colAvgG": 185.91531531531533,
            "colAvgB": 114.27027027027027,
            "topSeedPos": [
                27.801521419239002,
                25.24082122977336,
                168.95119757293642
            ]
        },
        "TopSeedInd_4": {
            "topSeedRealInd": 4.0,
            "topSeedFileInd": 1.0,
            "topSeedSpread": 25.595443932018043,
            "colAvgR": 162.83196721311475,
            "colAvgG": 175.19467213114754,
            "colAvgB": 102.24180327868852,
            "topSeedPos": [
                25.57866635492839,
                40.45023654870433,
                177.69417902591977
            ]
        },
        "TopSeedInd_5": {
            "topSeedRealInd": 5.0,
            "topSeedFileInd": 7.0,
            "topSeedSpread": 21.501855232321603,
            "colAvgR": 163.1818181818182,
            "colAvgG": 177.33286713286714,
            "colAvgB": 106.16083916083916,
            "topSeedPos": [
                26.58123158961741,
                35.56766648722834,
                193.4257452499863
            ]
        },
        "TopSeedInd_6": {
            "topSeedRealInd": 6.0,
            "topSeedFileInd": 8.0,
            "topSeedSpread": 28.006416534364806,
            "colAvgR": 146.39166666666668,
            "colAvgG": 156.5,
            "colAvgB": 92.60166666666667,
            "topSeedPos": [
                17.11756959567072,
                33.63399884951036,
                214.7273233197602
            ]
        },
        "TopSeedInd_7": {
            "topSeedRealInd": 7.0,
            "topSeedFileInd": 5.0,
            "topSeedSpread": 30.043144627992593,
            "colAvgR": 145.81556997219647,
            "colAvgG": 156.67284522706208,
            "colAvgB": 95.33086190917516,
            "topSeedPos": [
                14.74834669677965,
                34.14176090061957,
                228.38955444683296
            ]
        },
        "TopSeedInd_8": {
            "topSeedRealInd": 8.0,
            "topSeedFileInd": 6.0,
            "topSeedSpread": 24.798301601693858,
            "colAvgR": 172.85801526717557,
            "colAvgG": 184.4213740458015,
            "colAvgB": 118.52824427480915,
            "topSeedPos": [
                20.065814954182276,
                34.144994903546326,
                231.00048189313588
            ]
        }
    },
    "branch10Day": {}
}