{
    "sampleName": "HO2_C_7D",
    "samplePath": "HO2_C4/rgbaOutput_7_19_23_C1_HO2_C4_7D_0",
    "panicle": {
        "noTopSeeds": 10,
        "height": 175.81845211093307,
        "volume": 7042.673946749115,
        "maxSpreadVal": 18.96744927993905,
        "colAvgR": 0.5692430518622269,
        "colAvgG": 0.626944825215521,
        "colAvgB": 0.31817576897059174,
        "maxSpreadPos": [
            35.746143502101695,
            33.87836127019783,
            108.14259124752886
        ]
    },
    "segment": {
        "segmentInd_0": {
            "endHeight": 58.60615070364435,
            "volumeSeg": 1704.542928153294,
            "maxSpreadSegVal": 10.417469686351312,
            "noTopSeedSeg": 0,
            "colAvgR": 0.5311624404233788,
            "colAvgG": 0.5937603592822502,
            "colAvgB": 0.2799602478661758,
            "maxSpreadSegPos": [
                22.83504077580256,
                28.928517943266247,
                58.032920720224496
            ]
        },
        "segmentInd_1": {
            "endHeight": 117.2123014072887,
            "volumeSeg": 3017.1037597543245,
            "maxSpreadSegVal": 18.96744927993905,
            "noTopSeedSeg": 4,
            "colAvgR": 0.5737559624676897,
            "colAvgG": 0.6346069616074906,
            "colAvgB": 0.31768843972157357,
            "maxSpreadSegPos": [
                35.746143502101695,
                33.87836127019783,
                108.14259124752886
            ]
        },
        "segmentInd_2": {
            "endHeight": 175.81845211093307,
            "volumeSeg": 2320.9525244093606,
            "maxSpreadSegVal": 14.886357945266589,
            "noTopSeedSeg": 6,
            "colAvgR": 0.591349466113036,
            "colAvgG": 0.6413629774423218,
            "colAvgB": 0.34686966491898724,
            "maxSpreadSegPos": [
                32.46175581806078,
                31.187533166517195,
                123.71850129301764
            ]
        }
    },
    "branch": {
        "branchInd_0": {
            "branchHeight": 65.62084692970738,
            "branchSpread": 11.507473489502226
        },
        "branchInd_1": {
            "branchHeight": 87.54897674159608,
            "branchSpread": 14.672587821709541
        },
        "branchInd_2": {
            "branchHeight": 100.07547682165882,
            "branchSpread": 6.952845200436853
        },
        "branchInd_3": {
            "branchHeight": 109.8500314903299,
            "branchSpread": 18.96744927993905
        },
        "branchInd_4": {
            "branchHeight": 127.49843769054523,
            "branchSpread": 14.886357945266589
        },
        "branchInd_5": {
            "branchHeight": 146.42289338044264,
            "branchSpread": 12.411995525024448
        },
        "branchInd_6": {
            "branchHeight": 155.75498575615813,
            "branchSpread": 11.045171505465387
        },
        "branchInd_7": {
            "branchHeight": 166.19225370965415,
            "branchSpread": 4.413516794741095
        },
        "branchInd_8": {
            "branchHeight": 166.6722454101254,
            "branchSpread": 9.188661315414768
        },
        "branchInd_9": {
            "branchHeight": 175.45609259742542,
            "branchSpread": 2.8129663929239426
        }
    },
    "topSeeds": {
        "TopSeedInd_0": {
            "topSeedRealInd": 0.0,
            "topSeedFileInd": 2.0,
            "topSeedSpread": 11.507473489502226,
            "colAvgR": 140.67375886524823,
            "colAvgG": 157.83120567375886,
            "colAvgB": 75.34468085106383,
            "topSeedPos": [
                23.297812070954322,
                29.6913487096196,
                65.62084692970738
            ]
        },
        "TopSeedInd_1": {
            "topSeedRealInd": 1.0,
            "topSeedFileInd": 1.0,
            "topSeedSpread": 14.672587821709541,
            "colAvgR": 172.97982708933716,
            "colAvgG": 185.46109510086455,
            "colAvgB": 101.26657060518733,
            "topSeedPos": [
                24.260311349432317,
                32.40986490821262,
                87.54897674159608
            ]
        },
        "TopSeedInd_2": {
            "topSeedRealInd": 2.0,
            "topSeedFileInd": 3.0,
            "topSeedSpread": 6.952845200436853,
            "colAvgR": 154.45062586926286,
            "colAvgG": 167.75799721835884,
            "colAvgB": 89.69680111265647,
            "topSeedPos": [
                18.432186150303153,
                18.798843758382937,
                100.07547682165882
            ]
        },
        "TopSeedInd_3": {
            "topSeedRealInd": 3.0,
            "topSeedFileInd": 0.0,
            "topSeedSpread": 18.96744927993905,
            "colAvgR": 170.86758620689656,
            "colAvgG": 182.61379310344827,
            "colAvgB": 106.24827586206897,
            "topSeedPos": [
                33.228127785817996,
                34.70299577548145,
                109.8500314903299
            ]
        },
        "TopSeedInd_4": {
            "topSeedRealInd": 4.0,
            "topSeedFileInd": 4.0,
            "topSeedSpread": 14.886357945266589,
            "colAvgR": 171.65277777777777,
            "colAvgG": 182.7411616161616,
            "colAvgB": 106.79924242424242,
            "topSeedPos": [
                31.218840073298527,
                29.462932198539157,
                127.49843769054523
            ]
        },
        "TopSeedInd_5": {
            "topSeedRealInd": 5.0,
            "topSeedFileInd": 5.0,
            "topSeedSpread": 12.411995525024448,
            "colAvgR": 165.22402159244265,
            "colAvgG": 176.51417004048582,
            "colAvgB": 100.42914979757084,
            "topSeedPos": [
                32.58625305713277,
                27.158067229178545,
                146.42289338044264
            ]
        },
        "TopSeedInd_6": {
            "topSeedRealInd": 6.0,
            "topSeedFileInd": 6.0,
            "topSeedSpread": 11.045171505465387,
            "colAvgR": 159.40530303030303,
            "colAvgG": 171.26641414141415,
            "colAvgB": 100.16414141414141,
            "topSeedPos": [
                24.634057354431487,
                29.16655776959822,
                155.75498575615813
            ]
        },
        "TopSeedInd_7": {
            "topSeedRealInd": 7.0,
            "topSeedFileInd": 9.0,
            "topSeedSpread": 4.413516794741095,
            "colAvgR": 163.5993265993266,
            "colAvgG": 173.28731762065095,
            "colAvgB": 97.59483726150393,
            "topSeedPos": [
                23.006620230367634,
                19.368513891191427,
                166.19225370965415
            ]
        },
        "TopSeedInd_8": {
            "topSeedRealInd": 8.0,
            "topSeedFileInd": 7.0,
            "topSeedSpread": 9.188661315414768,
            "colAvgR": 167.54834605597964,
            "colAvgG": 177.5356234096692,
            "colAvgB": 106.39949109414758,
            "topSeedPos": [
                26.80005075066626,
                26.945708555905195,
                166.6722454101254
            ]
        },
        "TopSeedInd_9": {
            "topSeedRealInd": 9.0,
            "topSeedFileInd": 8.0,
            "topSeedSpread": 2.8129663929239426,
            "colAvgR": 169.16137229987294,
            "colAvgG": 180.24650571791614,
            "colAvgB": 107.54002541296062,
            "topSeedPos": [
                23.47859739797236,
                19.271272640594727,
                175.45609259742542
            ]
        }
    },
    "branch10Day": {}
}