{
    "sampleName": "HO2_H_4D",
    "samplePath": "HO2_HS4/rgbaOutput_7_16_23_C1_HO2_HS4_4D_0",
    "panicle": {
        "noTopSeeds": 12,
        "height": 236.50571414701122,
        "volume": 9013.963068397023,
        "maxSpreadVal": 20.347955835297892,
        "colAvgR": 0.5287993973127645,
        "colAvgG": 0.5922976356011315,
        "colAvgB": 0.28799151206405127,
        "maxSpreadPos": [
            -0.2384990639879161,
            29.203431494185825,
            202.63111478079898
        ]
    },
    "segment": {
        "segmentInd_0": {
            "endHeight": 78.83523804900373,
            "volumeSeg": 2388.4707942199766,
            "maxSpreadSegVal": 17.161748077521462,
            "noTopSeedSeg": 2,
            "colAvgR": 0.48346501547988907,
            "colAvgG": 0.5538893704850613,
            "colAvgB": 0.25075314757478256,
            "maxSpreadSegPos": [
                4.221663832351415,
                31.119991676832328,
                73.96360415015634
            ]
        },
        "segmentInd_1": {
            "endHeight": 157.67047609800747,
            "volumeSeg": 3747.887803098651,
            "maxSpreadSegVal": 19.95768337046534,
            "noTopSeedSeg": 3,
            "colAvgR": 0.5353888224639946,
            "colAvgG": 0.6009450751522,
            "colAvgB": 0.29096305591390514,
            "maxSpreadSegPos": [
                -0.34647312734277086,
                16.63808224353543,
                140.99107940081996
            ]
        },
        "segmentInd_2": {
            "endHeight": 236.5057141470112,
            "volumeSeg": 2877.478762089224,
            "maxSpreadSegVal": 20.347955835297892,
            "noTopSeedSeg": 6,
            "colAvgR": 0.5578397964690638,
            "colAvgG": 0.6129127369602166,
            "colAvgB": 0.31501794601625394,
            "maxSpreadSegPos": [
                -0.2384990639879161,
                29.203431494185825,
                202.63111478079898
            ]
        }
    },
    "branch": {
        "branchInd_0": {
            "branchHeight": 74.8709847654769,
            "branchSpread": 4.485260186374183
        },
        "branchInd_1": {
            "branchHeight": 75.48214800282751,
            "branchSpread": 17.161748077521462
        },
        "branchInd_2": {
            "branchHeight": 125.6753658881893,
            "branchSpread": 16.41885922604289
        },
        "branchInd_3": {
            "branchHeight": 131.0887652459719,
            "branchSpread": 3.821551391776606
        },
        "branchInd_4": {
            "branchHeight": 149.0643475431317,
            "branchSpread": 19.798841832414432
        },
        "branchInd_5": {
            "branchHeight": 178.1484868001307,
            "branchSpread": 18.281677648692842
        },
        "branchInd_6": {
            "branchHeight": 187.9810312805875,
            "branchSpread": 10.712957525186678
        },
        "branchInd_7": {
            "branchHeight": 192.9315609854875,
            "branchSpread": 12.340263505434923
        },
        "branchInd_8": {
            "branchHeight": 205.21100013991236,
            "branchSpread": 20.347955835297892
        },
        "branchInd_9": {
            "branchHeight": 222.43801739180998,
            "branchSpread": 15.01573688101805
        },
        "branchInd_10": {
            "branchHeight": 224.93849532560404,
            "branchSpread": 15.857964876982631
        },
        "branchInd_11": {
            "branchHeight": 236.50571414701122,
            "branchSpread": 12.699153545219419
        }
    },
    "topSeeds": {
        "TopSeedInd_0": {
            "topSeedRealInd": 0.0,
            "topSeedFileInd": 4.0,
            "topSeedSpread": 4.485260186374183,
            "colAvgR": 128.61985472154964,
            "colAvgG": 144.8232445520581,
            "colAvgB": 66.52784503631962,
            "topSeedPos": [
                17.22453438804119,
                22.10348516552074,
                74.8709847654769
            ]
        },
        "TopSeedInd_1": {
            "topSeedRealInd": 1.0,
            "topSeedFileInd": 0.0,
            "topSeedSpread": 17.161748077521462,
            "colAvgR": 136.16170212765957,
            "colAvgG": 152.40212765957446,
            "colAvgB": 75.2,
            "topSeedPos": [
                4.676135654108657,
                29.61818474735201,
                75.48214800282751
            ]
        },
        "TopSeedInd_2": {
            "topSeedRealInd": 2.0,
            "topSeedFileInd": 2.0,
            "topSeedSpread": 16.41885922604289,
            "colAvgR": 155.14949494949494,
            "colAvgG": 171.74141414141414,
            "colAvgB": 87.32121212121213,
            "topSeedPos": [
                7.1411623116991,
                30.654050598527068,
                125.6753658881893
            ]
        },
        "TopSeedInd_3": {
            "topSeedRealInd": 3.0,
            "topSeedFileInd": 1.0,
            "topSeedSpread": 3.821551391776606,
            "colAvgR": 155.0711382113821,
            "colAvgG": 169.04065040650406,
            "colAvgB": 92.71951219512195,
            "topSeedPos": [
                20.005380814892582,
                22.141541861761645,
                131.0887652459719
            ]
        },
        "TopSeedInd_4": {
            "topSeedRealInd": 4.0,
            "topSeedFileInd": 3.0,
            "topSeedSpread": 19.798841832414432,
            "colAvgR": 154.50863723608444,
            "colAvgG": 169.86564299424185,
            "colAvgB": 88.52591170825336,
            "topSeedPos": [
                1.4098461240081919,
                16.142589660417183,
                149.0643475431317
            ]
        },
        "TopSeedInd_5": {
            "topSeedRealInd": 5.0,
            "topSeedFileInd": 11.0,
            "topSeedSpread": 18.281677648692842,
            "colAvgR": 147.70137524557956,
            "colAvgG": 160.11591355599214,
            "colAvgB": 83.4852652259332,
            "topSeedPos": [
                2.018443730886402,
                20.6707797240373,
                178.1484868001307
            ]
        },
        "TopSeedInd_6": {
            "topSeedRealInd": 6.0,
            "topSeedFileInd": 5.0,
            "topSeedSpread": 10.712957525186678,
            "colAvgR": 137.84599589322383,
            "colAvgG": 151.71663244353184,
            "colAvgB": 77.06776180698152,
            "topSeedPos": [
                12.240628697193637,
                27.189601908047713,
                187.9810312805875
            ]
        },
        "TopSeedInd_7": {
            "topSeedRealInd": 7.0,
            "topSeedFileInd": 6.0,
            "topSeedSpread": 12.340263505434923,
            "colAvgR": 156.72573839662448,
            "colAvgG": 170.5506329113924,
            "colAvgB": 93.9957805907173,
            "topSeedPos": [
                10.083660474174877,
                19.678823419320103,
                192.9315609854875
            ]
        },
        "TopSeedInd_8": {
            "topSeedRealInd": 8.0,
            "topSeedFileInd": 7.0,
            "topSeedSpread": 20.347955835297892,
            "colAvgR": 154.59782608695653,
            "colAvgG": 166.7521739130435,
            "colAvgB": 95.32391304347826,
            "topSeedPos": [
                2.188012418785926,
                30.207041300507132,
                205.21100013991236
            ]
        },
        "TopSeedInd_9": {
            "topSeedRealInd": 9.0,
            "topSeedFileInd": 10.0,
            "topSeedSpread": 15.01573688101805,
            "colAvgR": 151.02903225806452,
            "colAvgG": 163.4790322580645,
            "colAvgB": 84.77580645161291,
            "topSeedPos": [
                8.173339735990941,
                26.211100445055585,
                222.43801739180998
            ]
        },
        "TopSeedInd_10": {
            "topSeedRealInd": 10.0,
            "topSeedFileInd": 9.0,