{
    "sampleName": "HO2_C_4D",
    "samplePath": "HO2_C4/rgbaOutput_7_16_23_C1_HO2_C4_4D_0",
    "panicle": {
        "noTopSeeds": 10,
        "height": 271.39345951343483,
        "volume": 9895.190256448233,
        "maxSpreadVal": 18.696718513084868,
        "colAvgR": 0.5685176969469896,
        "colAvgG": 0.6360985648234019,
        "colAvgB": 0.2763770478659173,
        "maxSpreadPos": [
            29.606573911876605,
            42.877265939016816,
            220.9123540638937
        ]
    },
    "segment": {
        "segmentInd_0": {
            "endHeight": 90.46448650447827,
            "volumeSeg": 2351.287825589471,
            "maxSpreadSegVal": 9.330560516933202,
            "noTopSeedSeg": 0,
            "colAvgR": 0.5475023431935162,
            "colAvgG": 0.6238559592097452,
            "colAvgB": 0.2428920631349946,
            "maxSpreadSegPos": [
                14.818104762251872,
                35.778123745822235,
                87.62466912926331
            ]
        },
        "segmentInd_1": {
            "endHeight": 180.92897300895655,
            "volumeSeg": 3943.015272338902,
            "maxSpreadSegVal": 15.662983813500757,
            "noTopSeedSeg": 3,
            "colAvgR": 0.5614353374894484,
            "colAvgG": 0.6330392324537297,
            "colAvgB": 0.2684513928711307,
            "maxSpreadSegPos": [
                15.759542773854161,
                29.36444993584504,
                176.3372803568702
            ]
        },
        "segmentInd_2": {
            "endHeight": 271.39345951343483,
            "volumeSeg": 3600.6623700088094,
            "maxSpreadSegVal": 18.696718513084868,
            "noTopSeedSeg": 6,
            "colAvgR": 0.5899723105624105,
            "colAvgG": 0.6474228747561108,
            "colAvgB": 0.30688783941593395,
            "maxSpreadSegPos": [
                29.606573911876605,
                42.877265939016816,
                220.9123540638937
            ]
        }
    },
    "branch": {
        "branchInd_0": {
            "branchHeight": 143.6790318337018,
            "branchSpread": 9.26131769335677
        },
        "branchInd_1": {
            "branchHeight": 176.953604319838,
            "branchSpread": 15.662983813500757
        },
        "branchInd_2": {
            "branchHeight": 177.11431907511235,
            "branchSpread": 12.284007063265596
        },
        "branchInd_3": {
            "branchHeight": 202.59786055717075,
            "branchSpread": 7.213346460106679
        },
        "branchInd_4": {
            "branchHeight": 209.86555406094078,
            "branchSpread": 12.845967986302625
        },
        "branchInd_5": {
            "branchHeight": 227.6102132260923,
            "branchSpread": 18.696718513084868
        },
        "branchInd_6": {
            "branchHeight": 243.95075494715724,
            "branchSpread": 9.7759434155572
        },
        "branchInd_7": {
            "branchHeight": 254.39842849993096,
            "branchSpread": 12.06089388117891
        },
        "branchInd_8": {
            "branchHeight": 258.59874196136286,
            "branchSpread": 7.800890154173067
        },
        "branchInd_9": {
            "branchHeight": 273.21636066868626,
            "branchSpread": 10.628462746916103
        }
    },
    "topSeeds": {
        "TopSeedInd_0": {
            "topSeedRealInd": 0.0,
            "topSeedFileInd": 4.0,
            "topSeedSpread": 9.26131769335677,
            "colAvgR": 162.83333333333334,
            "colAvgG": 178.80654761904762,
            "colAvgB": 86.0327380952381,
            "topSeedPos": [
                17.68496655125683,
                45.52059778820342,
                143.6790318337018
            ]
        },
        "TopSeedInd_1": {
            "topSeedRealInd": 1.0,
            "topSeedFileInd": 1.0,
            "topSeedSpread": 15.662983813500757,
            "colAvgR": 181.3,
            "colAvgG": 194.852,
            "colAvgB": 104.34,
            "topSeedPos": [
                16.36567791466683,
                29.96598534854624,
                176.953604319838
            ]
        },
        "TopSeedInd_2": {
            "topSeedRealInd": 2.0,
            "topSeedFileInd": 5.0,
            "topSeedSpread": 12.284007063265596,
            "colAvgR": 172.24309392265192,
            "colAvgG": 184.5303867403315,
            "colAvgB": 97.97237569060773,
            "topSeedPos": [
                22.445724983032733,
                43.34178352300774,
                177.11431907511235
            ]
        },
        "TopSeedInd_3": {
            "topSeedRealInd": 3.0,
            "topSeedFileInd": 9.0,
            "topSeedSpread": 7.213346460106679,
            "colAvgR": 168.60068259385665,
            "colAvgG": 183.8566552901024,
            "colAvgB": 92.92491467576792,
            "topSeedPos": [
                13.854366858994164,
                40.63904306227568,
                202.59786055717075
            ]
        },
        "TopSeedInd_4": {
            "topSeedRealInd": 4.0,
            "topSeedFileInd": 2.0,
            "topSeedSpread": 12.845967986302625,
            "colAvgR": 158.3796992481203,
            "colAvgG": 174.2218045112782,
            "colAvgB": 84.92857142857143,
            "topSeedPos": [
                19.304098180127397,
                36.305586067704695,
                209.86555406094078
            ]
        },
        "TopSeedInd_5": {
            "topSeedRealInd": 5.0,
            "topSeedFileInd": 0.0,
            "topSeedSpread": 18.696718513084868,
            "colAvgR": 160.41564792176038,
            "colAvgG": 173.54523227383862,
            "colAvgB": 90.57457212713936,
            "topSeedPos": [
                26.54571369566955,
                44.63035225881716,
                227.6102132260923
            ]
        },
        "TopSeedInd_6": {
            "topSeedRealInd": 6.0,
            "topSeedFileInd": 3.0,
            "topSeedSpread": 9.7759434155572,
            "colAvgR": 156.3755458515284,
            "colAvgG": 169.9235807860262,
            "colAvgB": 91.12663755458516,
            "topSeedPos": [
                16.766555316170763,
                40.2003952173397,
                243.95075494715724
            ]
        },
        "TopSeedInd_7": {
            "topSeedRealInd": 7.0,
            "topSeedFileInd": 7.0,
            "topSeedSpread": 12.06089388117891,
            "colAvgR": 159.9883495145631,
            "colAvgG": 176.21941747572816,
            "colAvgB": 76.2990291262136,
            "topSeedPos": [
                21.59863270461322,
                49.21059632823795,
                254.39842849993096
            ]
        },
        "TopSeedInd_8": {
            "topSeedRealInd": 8.0,
            "topSeedFileInd": 8.0,
            "topSeedSpread": 7.800890154173067,
            "colAvgR": 181.13636363636363,
            "colAvgG": 192.4181818181818,
            "colAvgB": 106.05818181818182,
            "topSeedPos": [
                16.11328182511155,
                45.517564184875866,
                258.59874196136286
            ]
        },
        "TopSeedInd_9": {
            "topSeedRealInd": 9.0,
            "topSeedFileInd": 6.0,
            "topSeedSpread": 10.628462746916103,
            "colAvgR": 171.66410256410256,
            "colAvgG": 179.05384615384617,
            "colAvgB": 104.86410256410257,
            "topSeedPos": [
                16.06808489682565,
                47.794746360063165,
                273.21636066868626
            ]
        }
    },
    "branch10Day": {}
}