{
    "sampleName": "KIT_H_7D",
    "samplePath": "KIT_HS1/rgbaOutput_7_20_23_C1_KIT_HS1_7D_0",
    "panicle": {
        "noTopSeeds": 12,
        "height": 208.9854835395212,
        "volume": 8775.086138295084,
        "maxSpreadVal": 24.835686108822173,
        "colAvgR": 0.5921074281606408,
        "colAvgG": 0.6405139988105539,
        "colAvgB": 0.36085796198981784,
        "maxSpreadPos": [
            20.822068704820325,
            15.270798259103765,
            181.99085340817308
        ]
    },
    "segment": {
        "segmentInd_0": {
            "endHeight": 69.66182784650707,
            "volumeSeg": 1844.7911116948749,
            "maxSpreadSegVal": 10.228176867599872,
            "noTopSeedSeg": 1,
            "colAvgR": 0.5472022675072257,
            "colAvgG": 0.6047663262147939,
            "colAvgB": 0.3018461824449724,
            "maxSpreadSegPos": [
                25.448188138190208,
                33.05313752186976,
                69.11603328117067
            ]
        },
        "segmentInd_1": {
            "endHeight": 139.32365569301413,
            "volumeSeg": 4107.799785191662,
            "maxSpreadSegVal": 17.45395878525626,
            "noTopSeedSeg": 4,
            "colAvgR": 0.5930405819739882,
            "colAvgG": 0.6448932466654224,
            "colAvgB": 0.3567693641705641,
            "maxSpreadSegPos": [
                19.533289145617218,
                28.12069810237703,
                137.23345947922365
            ]
        },
        "segmentInd_2": {
            "endHeight": 208.9854835395212,
            "volumeSeg": 2822.40508888391,
            "maxSpreadSegVal": 24.835686108822173,
            "noTopSeedSeg": 7,
            "colAvgR": 0.6200959880549911,
            "colAvgG": 0.6575043982520258,
            "colAvgB": 0.40537159828314456,
            "maxSpreadSegPos": [
                20.822068704820325,
                15.270798259103765,
                181.99085340817308
            ]
        }
    },
    "branch": {
        "branchInd_0": {
            "branchHeight": 10.41509452339944,
            "branchSpread": 2.806600337194039
        },
        "branchInd_1": {
            "branchHeight": 93.32214156351738,
            "branchSpread": 11.823562777922595
        },
        "branchInd_2": {
            "branchHeight": 117.14697724192183,
            "branchSpread": 7.975866833088512
        },
        "branchInd_3": {
            "branchHeight": 118.86906179716712,
            "branchSpread": 9.877873980278117
        },
        "branchInd_4": {
            "branchHeight": 131.99606342361668,
            "branchSpread": 14.86525203393502
        },
        "branchInd_5": {
            "branchHeight": 148.02622564773284,
            "branchSpread": 8.535700732376602
        },
        "branchInd_6": {
            "branchHeight": 150.2306756797068,
            "branchSpread": 19.295310164575593
        },
        "branchInd_7": {
            "branchHeight": 170.43176824257333,
            "branchSpread": 10.70138039858144
        },
        "branchInd_8": {
            "branchHeight": 176.21756050226108,
            "branchSpread": 17.701187842155157
        },
        "branchInd_9": {
            "branchHeight": 183.79562851108605,
            "branchSpread": 24.835686108822173
        },
        "branchInd_10": {
            "branchHeight": 200.92525888998972,
            "branchSpread": 22.684742371344644
        },
        "branchInd_11": {
            "branchHeight": 208.9854835395212,
            "branchSpread": 20.271901817137245
        }
    },
    "topSeeds": {
        "TopSeedInd_0": {
            "topSeedRealInd": 0.0,
            "topSeedFileInd": 11.0,
            "topSeedSpread": 2.806600337194039,
            "colAvgR": 108.45378151260505,
            "colAvgG": 123.91596638655462,
            "colAvgB": 59.57142857142857,
            "topSeedPos": [
                34.041592899316115,
                37.475200819467204,
                10.41509452339944
            ]
        },
        "TopSeedInd_1": {
            "topSeedRealInd": 1.0,
            "topSeedFileInd": 5.0,
            "topSeedSpread": 11.823562777922595,
            "colAvgR": 159.17972350230414,
            "colAvgG": 170.468509984639,
            "colAvgB": 98.09831029185868,
            "topSeedPos": [
                27.211282239965918,
                31.548598538558785,
                93.32214156351738
            ]
        },
        "TopSeedInd_2": {
            "topSeedRealInd": 2.0,
            "topSeedFileInd": 2.0,
            "topSeedSpread": 7.975866833088512,
            "colAvgR": 168.1500815660685,
            "colAvgG": 180.39967373572594,
            "colAvgB": 109.52202283849918,
            "topSeedPos": [
                42.426703285965736,
                37.66947947872997,
                117.14697724192183
            ]
        },
        "TopSeedInd_3": {
            "topSeedRealInd": 3.0,
            "topSeedFileInd": 9.0,
            "topSeedSpread": 9.877873980278117,
            "colAvgR": 173.37478991596637,
            "colAvgG": 183.41344537815127,
            "colAvgB": 105.30252100840336,
            "topSeedPos": [
                32.559833429200275,
                28.690038909371978,
                118.86906179716712
            ]
        },
        "TopSeedInd_4": {
            "topSeedRealInd": 4.0,
            "topSeedFileInd": 0.0,
            "topSeedSpread": 14.86525203393502,
            "colAvgR": 178.11027190332325,
            "colAvgG": 187.8821752265861,
            "colAvgB": 120.92900302114803,
            "topSeedPos": [
                44.20161512024887,
                45.19459719614165,
                131.99606342361668
            ]
        },
        "TopSeedInd_5": {
            "topSeedRealInd": 5.0,
            "topSeedFileInd": 10.0,
            "topSeedSpread": 8.535700732376602,
            "colAvgR": 167.62320916905443,
            "colAvgG": 177.69340974212034,
            "colAvgB": 109.40974212034384,
            "topSeedPos": [
                35.21349294554776,
                29.843332518257093,
                148.02622564773284
            ]
        },
        "TopSeedInd_6": {
            "topSeedRealInd": 6.0,
            "topSeedFileInd": 3.0,
            "topSeedSpread": 19.295310164575593,
            "colAvgR": 151.66333808844507,
            "colAvgG": 161.0941512125535,
            "colAvgB": 96.72039942938659,
            "topSeedPos": [
                19.516921820805976,
                27.138337467742623,
                150.2306756797068
            ]
        },
        "TopSeedInd_7": {
            "topSeedRealInd": 7.0,
            "topSeedFileInd": 4.0,
            "topSeedSpread": 10.70138039858144,
            "colAvgR": 179.07251908396947,
            "colAvgG": 185.61577608142494,
            "colAvgB": 123.34860050890585,
            "topSeedPos": [
                36.082062570425016,
                27.453835643374266,
                170.43176824257333
            ]
        },
        "TopSeedInd_8": {
            "topSeedRealInd": 8.0,
            "topSeedFileInd": 8.0,
            "topSeedSpread": 17.701187842155157,
            "colAvgR": 176.6315789473684,
            "colAvgG": 182.63815789473685,
            "colAvgB": 117.23947368421052,
            "topSeedPos": [
                27.555274725357506,
                22.48328010484632,
                176.21756050226108
            ]
        },
        "TopSeedInd_9": {
            "topSeedRealInd": 9.0,
            "topSeedFileInd": 1.0,
            "topSeedSpread": 24.835686108822173,
            "colAvgR": 183.5302267002519,
            "colAvgG": 190.17002518891687,
            "colAvgB": 128.70151133501258,
            "topSeedPos": [
                20.371410064737514,
                17.05252927469463,
                183.79562851108605
            ]
        },
        "TopSeedInd_10": {
            "topSeedRealInd": 10.0,