{
    "sampleName": "KIT_H_4D",
    "samplePath": "KIT_HS1/rgbaOutput_7_17_23_C1_KIT_HS1_4D_0",
    "panicle": {
        "noTopSeeds": 9,
        "height": 214.68376219320905,
        "volume": 8518.93767194162,
        "maxSpreadVal": 19.24071257923989,
        "colAvgR": 0.5913476698742508,
        "colAvgG": 0.6317099159042124,
        "colAvgB": 0.33266941658367216,
        "maxSpreadPos": [
            29.019958021227282,
            17.023564405020434,
            212.8479313469958
        ]
    },
    "segment": {
        "segmentInd_0": {
            "endHeight": 71.56125406440302,
            "volumeSeg": 1858.2780872244257,
            "maxSpreadSegVal": 11.161046639304761,
            "noTopSeedSeg": 1,
            "colAvgR": 0.5658082138328273,
            "colAvgG": 0.6097297418138206,
            "colAvgB": 0.29825260950146903,
            "maxSpreadSegPos": [
                4.495915705979512,
                25.598635277915804,
                66.27438762561783
            ]
        },
        "segmentInd_1": {
            "endHeight": 143.12250812880603,
            "volumeSeg": 3976.1912139988644,
            "maxSpreadSegVal": 14.454593091841513,
            "noTopSeedSeg": 2,
            "colAvgR": 0.5879101747267019,
            "colAvgG": 0.6311401309215183,
            "colAvgB": 0.3239721174266975,
            "maxSpreadSegPos": [
                0.8144249325416486,
                26.196387194145625,
                93.72597642454863
            ]
        },
        "segmentInd_2": {
            "endHeight": 214.68376219320905,
            "volumeSeg": 2684.372066920276,
            "maxSpreadSegVal": 19.24071257923989,
            "noTopSeedSeg": 6,
            "colAvgR": 0.6141098528813526,
            "colAvgG": 0.647762409835806,
            "colAvgB": 0.36936297371780163,
            "maxSpreadSegPos": [
                29.019958021227282,
                17.023564405020434,
                212.8479313469958
            ]
        }
    },
    "branch": {
        "branchInd_0": {
            "branchHeight": 11.047783805377925,
            "branchSpread": 2.409764785633019
        },
        "branchInd_1": {
            "branchHeight": 96.07015955428554,
            "branchSpread": 14.454593091841513
        },
        "branchInd_2": {
            "branchHeight": 124.0814519138595,
            "branchSpread": 12.803945017720702
        },
        "branchInd_3": {
            "branchHeight": 157.1564755417941,
            "branchSpread": 8.63036653390621
        },
        "branchInd_4": {
            "branchHeight": 176.30049464741057,
            "branchSpread": 17.499406965395934
        },
        "branchInd_5": {
            "branchHeight": 183.52586495567485,
            "branchSpread": 8.0145045147502
        },
        "branchInd_6": {
            "branchHeight": 191.43514058414584,
            "branchSpread": 12.230957012670267
        },
        "branchInd_7": {
            "branchHeight": 208.3138659749395,
            "branchSpread": 12.185705393852961
        },
        "branchInd_8": {
            "branchHeight": 214.68376219320905,
            "branchSpread": 19.24071257923989
        }
    },
    "topSeeds": {
        "TopSeedInd_0": {
            "topSeedRealInd": 0.0,
            "topSeedFileInd": 8.0,
            "topSeedSpread": 2.409764785633019,
            "colAvgR": 105.0603448275862,
            "colAvgG": 117.06896551724138,
            "colAvgB": 58.26724137931034,
            "topSeedPos": [
                15.990938840631017,
                29.90808774769564,
                11.047783805377925
            ]
        },
        "TopSeedInd_1": {
            "topSeedRealInd": 1.0,
            "topSeedFileInd": 0.0,
            "topSeedSpread": 14.454593091841513,
            "colAvgR": 161.32574430823118,
            "colAvgG": 173.24518388791594,
            "colAvgB": 93.61646234676007,
            "topSeedPos": [
                2.6080015870093565,
                28.00294966514615,
                96.07015955428554
            ]
        },
        "TopSeedInd_2": {
            "topSeedRealInd": 2.0,
            "topSeedFileInd": 2.0,
            "topSeedSpread": 12.803945017720702,
            "colAvgR": 167.37643207855973,
            "colAvgG": 177.97545008183306,
            "colAvgB": 100.55973813420621,
            "topSeedPos": [
                10.376954398794084,
                20.344164635443942,
                124.0814519138595
            ]
        },
        "TopSeedInd_3": {
            "topSeedRealInd": 3.0,
            "topSeedFileInd": 6.0,
            "topSeedSpread": 8.63036653390621,
            "colAvgR": 172.6037099494098,
            "colAvgG": 183.3726812816189,
            "colAvgB": 107.75716694772343,
            "topSeedPos": [
                10.725049096442914,
                25.46102887768481,
                157.1564755417941
            ]
        },
        "TopSeedInd_4": {
            "topSeedRealInd": 4.0,
            "topSeedFileInd": 1.0,
            "topSeedSpread": 17.499406965395934,
            "colAvgR": 150.35152487961477,
            "colAvgG": 157.92134831460675,
            "colAvgB": 90.76725521669341,
            "topSeedPos": [
                31.025143269091455,
                25.240818870015456,
                176.30049464741057
            ]
        },
        "TopSeedInd_5": {
            "topSeedRealInd": 5.0,
            "topSeedFileInd": 7.0,
            "topSeedSpread": 8.0145045147502,
            "colAvgR": 165.2271186440678,
            "colAvgG": 175.55084745762713,
            "colAvgB": 98.72033898305085,
            "topSeedPos": [
                20.357382621773358,
                31.573462769028918,
                183.52586495567485
            ]
        },
        "TopSeedInd_6": {
            "topSeedRealInd": 6.0,
            "topSeedFileInd": 5.0,
            "topSeedSpread": 12.230957012670267,
            "colAvgR": 168.21630094043888,
            "colAvgG": 174.0141065830721,
            "colAvgB": 105.04075235109718,
            "topSeedPos": [
                25.264310440105547,
                34.23253069119068,
                191.43514058414584
            ]
        },
        "TopSeedInd_7": {
            "topSeedRealInd": 7.0,
            "topSeedFileInd": 4.0,
            "topSeedSpread": 12.185705393852961,
            "colAvgR": 172.1548556430446,
            "colAvgG": 178.60892388451444,
            "colAvgB": 110.15485564304461,
            "topSeedPos": [
                25.43147684921861,
                26.702221350118258,
                208.3138659749395
            ]
        },
        "TopSeedInd_8": {
            "topSeedRealInd": 8.0,
            "topSeedFileInd": 3.0,
            "topSeedSpread": 19.24071257923989,
            "colAvgR": 174.63829787234042,
            "colAvgG": 179.451536643026,
            "colAvgB": 111.42553191489361,
            "topSeedPos": [
                28.530013000878157,
                17.919001925282547,
                214.68376219320905
            ]
        }
    },
    "branch10Day": {}
}