{
    "sampleName": "KIT_C_7D",
    "samplePath": "KIT_C1/rgbaOutput_7_19_23_C2_KIT_C1_7D_0",
    "panicle": {
        "noTopSeeds": 11,
        "height": 207.43638557199736,
        "volume": 7072.278450788282,
        "maxSpreadVal": 34.25037667823556,
        "colAvgR": 0.5559175962390812,
        "colAvgG": 0.5847063591261644,
        "colAvgB": 0.27999497220904684,
        "maxSpreadPos": [
            47.49460953272239,
            27.073825960898688,
            187.77034410384988
        ]
    },
    "segment": {
        "segmentInd_0": {
            "endHeight": 69.14546185733245,
            "volumeSeg": 1402.4962681690888,
            "maxSpreadSegVal": 12.674383382738252,
            "noTopSeedSeg": 1,
            "colAvgR": 0.5036295136697649,
            "colAvgG": 0.5299201971439501,
            "colAvgB": 0.2453084062104666,
            "maxSpreadSegPos": [
                25.483079096642147,
                29.171890038270877,
                68.28313777760974
            ]
        },
        "segmentInd_1": {
            "endHeight": 138.2909237146649,
            "volumeSeg": 3107.593270803809,
            "maxSpreadSegVal": 24.633926152730965,
            "noTopSeedSeg": 4,
            "colAvgR": 0.5525570957827959,
            "colAvgG": 0.5848968129933634,
            "colAvgB": 0.27407356717241854,
            "maxSpreadSegPos": [
                24.988271385463808,
                12.690440028720973,
                126.34307814367031
            ]
        },
        "segmentInd_2": {
            "endHeight": 207.43638557199733,
            "volumeSeg": 2562.0912041193988,
            "maxSpreadSegVal": 34.25037667823556,
            "noTopSeedSeg": 5,
            "colAvgR": 0.5886121667032843,
            "colAvgG": 0.6144618872642185,
            "colAvgB": 0.30615468825001124,
            "maxSpreadSegPos": [
                47.49460953272239,
                27.073825960898688,
                187.77034410384988
            ]
        }
    },
    "branch": {
        "branchInd_0": {
            "branchHeight": 6.010684426065701,
            "branchSpread": 2.163347332653039
        },
        "branchInd_1": {
            "branchHeight": 88.49854219944973,
            "branchSpread": 8.589299160335656
        },
        "branchInd_2": {
            "branchHeight": 95.34505125457622,
            "branchSpread": 2.4677112148981655
        },
        "branchInd_3": {
            "branchHeight": 130.02132017351997,
            "branchSpread": 24.633926152730965
        },
        "branchInd_4": {
            "branchHeight": 134.670104585057,
            "branchSpread": 23.349782015823678
        },
        "branchInd_5": {
            "branchHeight": 146.65727239646873,
            "branchSpread": 21.884215756655284
        },
        "branchInd_6": {
            "branchHeight": 168.68986007432804,
            "branchSpread": 16.504601983312945
        },
        "branchInd_7": {
            "branchHeight": 170.11163876033876,
            "branchSpread": 17.48438867471332
        },
        "branchInd_8": {
            "branchHeight": 189.61103300955213,
            "branchSpread": 34.25037667823556
        },
        "branchInd_9": {
            "branchHeight": 193.74907753909602,
            "branchSpread": 33.22593309754756
        },
        "branchInd_10": {
            "branchHeight": 207.43638557199736,
            "branchSpread": 21.39857082979969
        }
    },
    "topSeeds": {
        "TopSeedInd_0": {
            "topSeedRealInd": 0.0,
            "topSeedFileInd": 10.0,
            "topSeedSpread": 2.163347332653039,
            "colAvgR": 107.18181818181819,
            "colAvgG": 113.15151515151516,
            "colAvgB": 64.5,
            "topSeedPos": [
                15.880643499783872,
                34.59213457563335,
                6.010684426065701
            ]
        },
        "TopSeedInd_1": {
            "topSeedRealInd": 1.0,
            "topSeedFileInd": 1.0,
            "topSeedSpread": 8.589299160335656,
            "colAvgR": 157.60884353741497,
            "colAvgG": 164.1921768707483,
            "colAvgB": 83.97448979591837,
            "topSeedPos": [
                21.165279582017103,
                37.497146975107626,
                88.49854219944973
            ]
        },
        "TopSeedInd_2": {
            "topSeedRealInd": 2.0,
            "topSeedFileInd": 0.0,
            "topSeedSpread": 2.4677112148981655,
            "colAvgR": 148.6814946619217,
            "colAvgG": 156.72597864768684,
            "colAvgB": 76.48398576512456,
            "topSeedPos": [
                13.276711190155629,
                34.74543956948645,
                95.34505125457622
            ]
        },
        "TopSeedInd_3": {
            "topSeedRealInd": 3.0,
            "topSeedFileInd": 3.0,
            "topSeedSpread": 24.633926152730965,
            "colAvgR": 167.76948590381426,
            "colAvgG": 172.74295190713102,
            "colAvgB": 92.82089552238806,
            "topSeedPos": [
                24.496304771980626,
                14.078511403301581,
                130.02132017351997
            ]
        },
        "TopSeedInd_4": {
            "topSeedRealInd": 4.0,
            "topSeedFileInd": 2.0,
            "topSeedSpread": 23.349782015823678,
            "colAvgR": 161.0227670753065,
            "colAvgG": 165.56042031523643,
            "colAvgB": 89.24693520140104,
            "topSeedPos": [
                30.90504724045948,
                20.99522323404275,
                134.670104585057
            ]
        },
        "TopSeedInd_5": {
            "topSeedRealInd": 5.0,
            "topSeedFileInd": 9.0,
            "topSeedSpread": 21.884215756655284,
            "colAvgR": 130.2942857142857,
            "colAvgG": 137.97714285714287,
            "colAvgB": 65.37857142857143,
            "topSeedPos": [
                34.948179263538236,
                34.372740593966384,
                146.65727239646873
            ]
        },
        "TopSeedInd_6": {
            "topSeedRealInd": 6.0,
            "topSeedFileInd": 4.0,
            "topSeedSpread": 16.504601983312945,
            "colAvgR": 154.0016835016835,
            "colAvgG": 159.8872053872054,
            "colAvgB": 80.13131313131314,
            "topSeedPos": [
                26.930104028934277,
                39.01645890413581,
                168.68986007432804
            ]
        },
        "TopSeedInd_7": {
            "topSeedRealInd": 7.0,
            "topSeedFileInd": 5.0,
            "topSeedSpread": 17.48438867471332,
            "colAvgR": 153.7444279346211,
            "colAvgG": 159.55869242199108,
            "colAvgB": 78.85141158989599,
            "topSeedPos": [
                31.063418066241457,
                36.255355459806346,
                170.11163876033876
            ]
        },
        "TopSeedInd_8": {
            "topSeedRealInd": 8.0,
            "topSeedFileInd": 7.0,
            "topSeedSpread": 34.25037667823556,
            "colAvgR": 149.84299858557284,
            "colAvgG": 154.87128712871288,
            "colAvgB": 79.65346534653466,
            "topSeedPos": [
                47.47891193774622,
                27.99815538770024,
                189.61103300955213
            ]
        },
        "TopSeedInd_9": {
            "topSeedRealInd": 9.0,
            "topSeedFileInd": 8.0,
            "topSeedSpread": 33.22593309754756,
            "colAvgR": 164.44206773618538,
            "colAvgG": 167.9483065953654,
            "colAvgB": 96.21390374331551,
            "topSeedPos": [
                46.52243771266493,
                27.54467725270322,
                193.74907753909602
            ]
        },
        "TopSeedInd_10": {
            "topSeedRealInd": 10.0,
            "topSeedFileInd": 6.0,
            "topSeedSpread": 21.39857082979969,
            "colAvgR": 163.7074074074074,
            "colAvgG": 166.56913580246913,